PRAGMA foreign_keys = ON;

BEGIN TRANSACTION;

-- Заполняем справочник типов (10 записей)
INSERT INTO "Тип" ("ID","Наименование") VALUES
(1,'Игрушки'),
(2,'Одежда'),
(3,'Обувь'),
(4,'Аксессуары'),
(5,'Электроника'),
(6,'Книги'),
(7,'Спортивные товары'),
(8,'Мебель'),
(9,'Декор'),
(10,'Гигиена');

-- Заполняем справочник поставщиков (10 записей)
INSERT INTO "Поставщик" ("ID","Поставщик") VALUES
(1,'ООО "Мир детства"'),
(2,'ООО "БэбиСтиль"'),
(3,'ИП Петров'),
(4,'ЗАО "Лапочка"'),
(5,'ООО "Веселка"'),
(6,'ИП Смирнова'),
(7,'ООО "Юниор"'),
(8,'ИП Иванова'),
(9,'ООО "Растишка"'),
(10,'ЗАО "Карапуз"');

-- Наполняем таблицу товаров (50 записей)
INSERT INTO "Товар"
("Тип_id","Поставщик_id","Категория","Цвет","Цена","Количество","Цена_закупки","Дата_закупки","Цена_продажи","Дата_продажи") VALUES
(1,1,'Для мальчиков','Синий',1499.90,5,899.50,'2024-01-05',1599.90,'2024-02-10'),
(1,2,'Для мальчиков','Красный',899.40,3,650.20,'2024-01-12',999.40,'2024-02-01'),
(1,3,'До года','Мятный',459.99,8,320.50,'2024-02-08',529.99,'2024-03-02'),
(1,4,'Для девочек','Розовый',1290.50,6,940.30,'2024-03-01',1390.50,'2024-03-15'),
(1,5,'До года','Лиловый',699.00,4,480.00,'2024-03-10',749.00,NULL),
(2,6,'Для девочек','Бежевый',2190.00,2,1650.00,'2024-01-20',2390.00,'2024-02-18'),
(2,7,'Для мальчиков','Графитовый',1890.75,3,1400.60,'2024-02-12',1990.75,'2024-03-01'),
(2,8,'Для девочек','Сиреневый',1299.90,5,980.40,'2024-02-20',1399.90,'2024-04-05'),
(2,9,'До года','Белый',890.00,9,640.00,'2024-03-05',990.00,'2024-03-25'),
(2,10,'Для девочек','Салатовый',1490.00,4,1100.00,'2024-03-18',1590.00,'2024-04-20'),
(3,2,'Для мальчиков','Черный',1790.00,6,1300.00,'2024-01-10',1890.00,'2024-02-14'),
(3,4,'Для девочек','Розово-серый',1599.50,5,1200.00,'2024-01-25',1699.50,'2024-02-28'),
(3,6,'До года','Белый',990.00,3,750.00,'2024-02-15',1090.00,'2024-03-10'),
(3,8,'Для мальчиков','Коричневый',1290.80,7,940.40,'2024-02-28',1390.80,NULL),
(3,9,'Для девочек','Бордовый',1399.99,5,990.99,'2024-03-10',1499.99,'2024-03-30'),
(4,3,'Для девочек','Персиковый',590.00,12,430.00,'2024-01-18',690.00,'2024-02-05'),
(4,5,'До года','Бежевый',480.00,10,320.00,'2024-02-01',520.00,'2024-02-25'),
(4,7,'Для мальчиков','Серый',650.00,8,410.00,'2024-02-18',710.00,NULL),
(4,9,'Для девочек','Голубой',720.00,9,500.00,'2024-03-02',790.00,'2024-03-18'),
(4,10,'До года','Белый',850.00,6,630.00,'2024-03-16',900.00,NULL),
(5,1,'Для мальчиков','Темно-синий',3290.00,3,2400.00,'2024-01-22',3490.00,'2024-02-27'),
(5,2,'Для мальчиков','Черный',2890.50,2,2100.50,'2024-02-05',3090.50,NULL),
(5,4,'Для девочек','Белый',3100.00,1,2300.00,'2024-02-24',3350.00,'2024-04-01'),
(5,6,'Для девочек','Розовый',2750.90,4,1980.90,'2024-03-03',2950.90,'2024-04-10'),
(5,8,'До года','Серебристый',1990.00,5,1500.00,'2024-03-18',2190.00,NULL),
(6,3,'Для мальчиков','Мультиколор',450.00,15,310.00,'2024-01-07',520.00,'2024-01-28'),
(6,5,'Для девочек','Фиолетовый',390.00,20,260.00,'2024-01-29',440.00,'2024-03-05'),
(6,7,'До года','Белый',320.00,18,200.00,'2024-02-16',360.00,NULL),
(6,9,'Для девочек','Бирюзовый',410.00,14,280.00,'2024-02-27',460.00,'2024-03-20'),
(6,10,'Для мальчиков','Зеленый',380.00,16,250.00,'2024-03-11',430.00,NULL),
(7,1,'Для мальчиков','Синий',1250.00,6,880.00,'2024-01-14',1350.00,'2024-02-16'),
(7,2,'Для девочек','Красный',1180.00,5,820.00,'2024-02-03',1280.00,'2024-02-28'),
(7,4,'До года','Голубой',980.00,4,700.00,'2024-02-22',1030.00,NULL),
(7,6,'Для мальчиков','Черный',1340.00,7,960.00,'2024-03-01',1440.00,'2024-03-25'),
(7,8,'Для девочек','Розовый',1275.00,5,890.00,'2024-03-17',1375.00,NULL),
(8,3,'До года','Слоновая кость',2150.00,2,1650.00,'2024-01-09',2250.00,'2024-02-12'),
(8,5,'Для девочек','Белый',2390.00,3,1850.00,'2024-01-31',2490.00,NULL),
(8,7,'Для мальчиков','Темно-серый',2280.00,2,1720.00,'2024-02-10',2380.00,'2024-03-05'),
(8,9,'До года','Светло-серый',1999.99,4,1500.00,'2024-02-25',2099.99,NULL),
(8,10,'Для девочек','Мята',1890.00,3,1420.00,'2024-03-09',1990.00,'2024-04-15'),
(9,1,'Для девочек','Розовый',560.00,9,380.00,'2024-01-12',610.00,'2024-02-08'),
(9,2,'Для мальчиков','Серебристый',640.00,8,430.00,'2024-02-02',690.00,'2024-02-24'),
(9,3,'До года','Белый',430.00,12,270.00,'2024-02-14',480.00,NULL),
(9,4,'Для девочек','Кремовый',520.00,11,360.00,'2024-02-26',570.00,'2024-03-19'),
(9,5,'Для мальчиков','Голубой',590.00,10,390.00,'2024-03-12',640.00,NULL),
(10,6,'До года','Белый',310.00,25,190.00,'2024-01-05',350.00,'2024-01-30'),
(10,7,'Для девочек','Сиреневый',370.00,18,250.00,'2024-01-22',420.00,'2024-02-18'),
(10,8,'Для мальчиков','Голубой',330.00,22,210.00,'2024-02-08',380.00,NULL),
(10,9,'До года','Молочный',295.00,30,180.00,'2024-02-21',335.00,NULL),
(10,10,'Для мальчиков','Лаймовый',360.00,20,240.00,'2024-03-05',410.00,'2024-03-28');

COMMIT;